userId,statusCode,scenario
"ex deserunt dolore commodo",200,"{\"userId\": \"ex deserunt dolore commodo\",\"name\": \"labore eiusmod\",\"email\": \"tempor enim aliqua sunt\"}"
"ex deserunt dolore commodo",200,"{\"userId\": \"ex deserunt dolore commodo\",\"name\": \"labore eiusmod\",\"email\": \"tempor enim aliqua sunt\"}"
"ex deserunt dolore commodo",200,"{\"userId\": \"ex deserunt dolore commodo\",\"name\": \"labore eiusmod\",\"email\": \"tempor enim aliqua sunt\"}"
"ex deserunt dolore commodo",200,"{\"userId\": \"ex deserunt dolore commodo\",\"name\": \"labore eiusmod\",\"email\": \"tempor enim aliqua sunt\"}"
"ex deserunt dolore commodo",200,"{\"userId\": \"ex deserunt dolore commodo\",\"name\": \"labore eiusmod\",\"email\": \"tempor enim aliqua sunt\"}"
"ex deserunt dolore commodo",200,"{\"userId\": \"ex deserunt dolore commodo\",\"name\": \"labore eiusmod\",\"email\": \"tempor enim aliqua sunt\"}"
"ex deserunt dolore commodo",200,"{\"userId\": \"ex deserunt dolore commodo\",\"name\": \"labore eiusmod\",\"email\": \"tempor enim aliqua sunt\"}"
"ex deserunt dolore commodo",200,"{\"userId\": \"ex deserunt dolore commodo\",\"name\": \"labore eiusmod\",\"email\": \"tempor enim aliqua sunt\"}"
"ex deserunt dolore commodo",200,"{\"userId\": \"ex deserunt dolore commodo\",\"name\": \"labore eiusmod\",\"email\": \"tempor enim aliqua sunt\"}"
"ex deserunt dolore commodo",200,"{\"userId\": \"ex deserunt dolore commodo\",\"name\": \"labore eiusmod\",\"email\": \"tempor enim aliqua sunt\"}"

