name,photoUrls,id,category.id,category.name,tags,status,statusCode,scenario
doggie,["http://example.com/photo.jpg"],859632,1023,Dogs,["tag1", "tag2"],available,400,Invalid ID supplied
fluffy,["http://example.com/photo2.jpg"],963851,2031,Cats,["tag3", "tag4"],sold,404,Pet not found
bruno,["http://example.com/photo3.jpg"],125469,1747,Birds,["tag5", "tag6"],pending,405,Validation exception
bella,["http://example.com/photo4.jpg"],789456,8752,Rabbits,["tag7", "tag8"],sold,400,Invalid ID supplied
shadow,["http://example.com/photo5.jpg"],456213,6425,Fish,["tag9", "tag10"],available,404,Pet not found
lucky,["http://example.com/photo6.jpg"],235689,5490,Hamsters,["tag11", "tag12"],pending,405,Validation exception
charlie,["http://example.com/photo7.jpg"],789465,2156,Dogs,["tag13", "tag14"],sold,400,Invalid ID supplied
lucy,["http://example.com/photo8.jpg"],123456,7485,Cats,["tag15", "tag16"],available,404,Pet not found
max,["http://example.com/photo9.jpg"],654321,9742,Birds,["tag17", "tag18"],pending,405,Validation exception.
